,Topics,Alpha,Beta,Coherence,Topic Diversity
0,1,0.01,0.01,0.1842586888555359,1.0
75,3,0.9099999999999999,0.01,0.31076393266249713,1.0
70,3,0.61,0.01,0.31530347495205896,1.0
86,3,asymmetric,0.31,0.3291571327814035,1.0
85,3,asymmetric,0.01,0.3267040455531528,1.0
84,3,symmetric,symmetric,0.30889943085228466,1.0
83,3,symmetric,0.9099999999999999,0.3026217141793426,1.0
82,3,symmetric,0.61,0.2985969798484806,1.0
81,3,symmetric,0.31,0.3090759899313736,1.0
80,3,symmetric,0.01,0.31530347495205896,1.0
79,3,0.9099999999999999,symmetric,0.30794731919075374,1.0
78,3,0.9099999999999999,0.9099999999999999,0.3210479643649273,1.0
77,3,0.9099999999999999,0.61,0.3241679993761872,1.0
76,3,0.9099999999999999,0.31,0.30355304191673615,1.0
74,3,0.61,symmetric,0.3049017961904447,1.0
29,1,asymmetric,symmetric,0.1842586888555359,1.0
73,3,0.61,0.9099999999999999,0.3101963014831903,1.0
72,3,0.61,0.61,0.30343746891638607,1.0
160,6,0.61,0.01,0.4032957505021804,1.0
60,3,0.01,0.01,0.32800031252276196,1.0
61,3,0.01,0.31,0.29404104529666325,1.0
62,3,0.01,0.61,0.3105314202785518,1.0
71,3,0.61,0.31,0.3083101802808846,1.0
64,3,0.01,symmetric,0.3091187934558109,1.0
65,3,0.31,0.01,0.31530347495205896,1.0
66,3,0.31,0.31,0.2989196003391301,1.0
67,3,0.31,0.61,0.3104631516879022,1.0
68,3,0.31,0.9099999999999999,0.3026217141793426,1.0
1,1,0.01,0.31,0.1842586888555359,1.0
89,3,asymmetric,symmetric,0.3280658650127631,1.0
16,1,0.9099999999999999,0.31,0.1842586888555359,1.0
9,1,0.31,symmetric,0.1842586888555359,1.0
15,1,0.9099999999999999,0.01,0.1842586888555359,1.0
14,1,0.61,symmetric,0.1842586888555359,1.0
13,1,0.61,0.9099999999999999,0.1842586888555359,1.0
12,1,0.61,0.61,0.1842586888555359,1.0
11,1,0.61,0.31,0.1842586888555359,1.0
10,1,0.61,0.01,0.1842586888555359,1.0
8,1,0.31,0.9099999999999999,0.1842586888555359,1.0
18,1,0.9099999999999999,0.9099999999999999,0.1842586888555359,1.0
7,1,0.31,0.61,0.1842586888555359,1.0
6,1,0.31,0.31,0.1842586888555359,1.0
5,1,0.31,0.01,0.1842586888555359,1.0
4,1,0.01,symmetric,0.1842586888555359,1.0
3,1,0.01,0.9099999999999999,0.1842586888555359,1.0
2,1,0.01,0.61,0.1842586888555359,1.0
17,1,0.9099999999999999,0.61,0.1842586888555359,1.0
69,3,0.31,symmetric,0.30528036372645,1.0
23,1,symmetric,0.9099999999999999,0.1842586888555359,1.0
28,1,asymmetric,0.9099999999999999,0.1842586888555359,1.0
20,1,symmetric,0.01,0.1842586888555359,1.0
21,1,symmetric,0.31,0.1842586888555359,1.0
27,1,asymmetric,0.61,0.1842586888555359,1.0
26,1,asymmetric,0.31,0.1842586888555359,1.0
25,1,asymmetric,0.01,0.1842586888555359,1.0
24,1,symmetric,symmetric,0.1842586888555359,1.0
19,1,0.9099999999999999,symmetric,0.1842586888555359,1.0
22,1,symmetric,0.61,0.1842586888555359,1.0
172,6,symmetric,0.61,0.39934507705354627,0.9833333333333333
153,6,0.01,0.9099999999999999,0.4099199039459329,0.9833333333333333
154,6,0.01,symmetric,0.37692639151198004,0.9833333333333333
155,6,0.31,0.01,0.3987055065142004,0.9833333333333333
157,6,0.31,0.61,0.4048171707381049,0.9833333333333333
158,6,0.31,0.9099999999999999,0.40846865157392237,0.9833333333333333
159,6,0.31,symmetric,0.3851733863240175,0.9833333333333333
179,6,asymmetric,symmetric,0.3742262847166169,0.9833333333333333
178,6,asymmetric,0.9099999999999999,0.4107999620635398,0.9833333333333333
174,6,symmetric,symmetric,0.39422585789236186,0.9833333333333333
152,6,0.01,0.61,0.39995844000089953,0.9833333333333333
145,5,asymmetric,0.01,0.3986825066137006,0.98
140,5,symmetric,0.01,0.37595143485863697,0.98
125,5,0.31,0.01,0.3776274299541968,0.98
235,8,asymmetric,0.01,0.4051763456518004,0.975
185,7,0.31,0.01,0.4202840284884811,0.9714285714285714
190,7,0.61,0.01,0.40677910725140665,0.9714285714285714
205,7,asymmetric,0.01,0.4064322585487374,0.9714285714285714
204,7,symmetric,symmetric,0.40691334023057507,0.9714285714285714
200,7,symmetric,0.01,0.41857743407094533,0.9714285714285714
180,7,0.01,0.01,0.4162498301604547,0.9714285714285714
150,6,0.01,0.01,0.3905314076353336,0.9666666666666667
250,9,0.61,0.01,0.42731874261596503,0.9666666666666667
88,3,asymmetric,0.9099999999999999,0.34591543867756047,0.9666666666666667
87,3,asymmetric,0.61,0.34392783021990453,0.9666666666666667
63,3,0.01,0.9099999999999999,0.3154715568821643,0.9666666666666667
163,6,0.61,0.9099999999999999,0.42022666279582604,0.9666666666666667
176,6,asymmetric,0.31,0.3737751196593835,0.9666666666666667
175,6,asymmetric,0.01,0.40179812028161915,0.9666666666666667
173,6,symmetric,0.9099999999999999,0.4085233674420628,0.9666666666666667
169,6,0.9099999999999999,symmetric,0.41808169774095966,0.9666666666666667
168,6,0.9099999999999999,0.9099999999999999,0.42536280499354223,0.9666666666666667
167,6,0.9099999999999999,0.61,0.43159596428606517,0.9666666666666667
166,6,0.9099999999999999,0.31,0.4136614297553802,0.9666666666666667
165,6,0.9099999999999999,0.01,0.43135417650690155,0.9666666666666667
170,6,symmetric,0.01,0.3916757262179554,0.9666666666666667
403,14,0.61,0.9099999999999999,0.42524599223592635,0.9642857142857143
320,11,symmetric,0.01,0.4343354826636871,0.9636363636363636
300,11,0.01,0.01,0.4248372729879191,0.9636363636363636
225,8,0.9099999999999999,0.01,0.43857887907159504,0.9625
453,16,0.01,0.9099999999999999,0.44361646089346823,0.9625
229,8,0.9099999999999999,symmetric,0.4420850201896721,0.9625
224,8,0.61,symmetric,0.4280657208485706,0.9625
129,5,0.31,symmetric,0.3831505620988455,0.96
149,5,asymmetric,symmetric,0.3773937456416251,0.96
120,5,0.01,0.01,0.3776330704980433,0.96
131,5,0.61,0.31,0.39038280316699164,0.96
135,5,0.9099999999999999,0.01,0.40918786118128,0.96
147,5,asymmetric,0.61,0.414505560109383,0.96
136,5,0.9099999999999999,0.31,0.3890522598686923,0.96
138,5,0.9099999999999999,0.9099999999999999,0.41422040462573584,0.96
137,5,0.9099999999999999,0.61,0.41611864668313253,0.96
146,5,asymmetric,0.31,0.39897638622464376,0.96
184,7,0.01,symmetric,0.4026196083269353,0.9571428571428572
404,14,0.61,symmetric,0.4218391642385968,0.9571428571428572
408,14,0.9099999999999999,0.9099999999999999,0.4162851964093152,0.9571428571428572
189,7,0.31,symmetric,0.4070262847438943,0.9571428571428572
195,7,0.9099999999999999,0.01,0.4182149587764766,0.9571428571428572
402,14,0.61,0.61,0.4595181383756656,0.9571428571428572
473,16,symmetric,0.9099999999999999,0.4387150616630914,0.95625
458,16,0.31,0.9099999999999999,0.45145587970208323,0.95625
245,9,0.31,0.01,0.4318458159252153,0.9555555555555556
259,9,0.9099999999999999,symmetric,0.4157353278087655,0.9555555555555556
264,9,symmetric,symmetric,0.41650305474147364,0.9555555555555556
240,9,0.01,0.01,0.42439835874095194,0.9555555555555556
269,9,asymmetric,symmetric,0.4257543739982467,0.9555555555555556
267,9,asymmetric,0.61,0.40686574413136695,0.9555555555555556
325,11,asymmetric,0.01,0.39769634519956937,0.9545454545454546
304,11,0.01,symmetric,0.41283349640421824,0.9545454545454546
329,11,asymmetric,symmetric,0.40166200906078386,0.9545454545454546
386,13,asymmetric,0.31,0.45461211107732846,0.9538461538461539
43,2,0.61,0.9099999999999999,0.29989251860960786,0.95
44,2,0.61,symmetric,0.3055904581006617,0.95
45,2,0.9099999999999999,0.01,0.31751431171916,0.95
46,2,0.9099999999999999,0.31,0.30607721659239767,0.95
47,2,0.9099999999999999,0.61,0.29223428688039665,0.95
171,6,symmetric,0.31,0.38999286189751015,0.95
48,2,0.9099999999999999,0.9099999999999999,0.29989251860960786,0.95
49,2,0.9099999999999999,symmetric,0.29700451921045296,0.95
50,2,symmetric,0.01,0.31751431171915995,0.95
51,2,symmetric,0.31,0.3083360341118654,0.95
52,2,symmetric,0.61,0.29989251860960786,0.95
53,2,symmetric,0.9099999999999999,0.29989251860960786,0.95
177,6,asymmetric,0.61,0.3985420151039966,0.95
97,4,0.31,0.61,0.40830529615432687,0.95
42,2,0.61,0.61,0.29989251860960786,0.95
463,16,0.61,0.9099999999999999,0.41363533415317044,0.95
589,20,0.9099999999999999,symmetric,0.4390927279785911,0.95
98,4,0.31,0.9099999999999999,0.40830529615432687,0.95
35,2,0.31,0.01,0.3171314734899274,0.95
36,2,0.31,0.31,0.3106430543177396,0.95
344,12,0.61,symmetric,0.44178919422545815,0.95
37,2,0.31,0.61,0.30565586062855826,0.95
518,18,0.31,0.9099999999999999,0.4495237692614227,0.95
34,2,0.01,symmetric,0.3221803096517998,0.95
41,2,0.61,0.31,0.3060772165923976,0.95
38,2,0.31,0.9099999999999999,0.31253259381396037,0.95
31,2,0.01,0.31,0.30516722622430337,0.95
239,8,asymmetric,symmetric,0.4013215770177069,0.95
39,2,0.31,symmetric,0.3060772165923976,0.95
54,2,symmetric,symmetric,0.3060772165923976,0.95
393,14,0.01,0.9099999999999999,0.43301934178689955,0.95
40,2,0.61,0.01,0.31751431171915995,0.95
164,6,0.61,symmetric,0.4185003380417572,0.95
91,4,0.01,0.31,0.40853515112860084,0.95
162,6,0.61,0.61,0.41636291698032357,0.95
109,4,0.9099999999999999,symmetric,0.4079944302551002,0.95
118,4,asymmetric,0.9099999999999999,0.4099264884549941,0.95
117,4,asymmetric,0.61,0.41043165554378114,0.95
116,4,asymmetric,0.31,0.4056674779077374,0.95
115,4,asymmetric,0.01,0.4026746026595704,0.95
114,4,symmetric,symmetric,0.40933070138962746,0.95
113,4,symmetric,0.9099999999999999,0.40830529615432687,0.95
112,4,symmetric,0.61,0.40830529615432687,0.95
111,4,symmetric,0.31,0.40703798096500965,0.95
110,4,symmetric,0.01,0.40583577676374216,0.95
108,4,0.9099999999999999,0.9099999999999999,0.4120323525710732,0.95
284,10,0.61,symmetric,0.4256538959069941,0.95
107,4,0.9099999999999999,0.61,0.4079944302551002,0.95
106,4,0.9099999999999999,0.31,0.4079944302551002,0.95
105,4,0.9099999999999999,0.01,0.3977206247062194,0.95
104,4,0.61,symmetric,0.40933070138962746,0.95
103,4,0.61,0.9099999999999999,0.4141095640854609,0.95
102,4,0.61,0.61,0.41433941905973487,0.95
101,4,0.61,0.31,0.4079944302551002,0.95
100,4,0.61,0.01,0.4015644062837107,0.95
99,4,0.31,symmetric,0.40933070138962746,0.95
119,4,asymmetric,symmetric,0.4056674779077374,0.95
270,10,0.01,0.01,0.41470925895416916,0.95
161,6,0.61,0.31,0.4057885989592176,0.95
96,4,0.31,0.31,0.4107012044468998,0.95
55,2,asymmetric,0.01,0.28128382355398107,0.95
56,2,asymmetric,0.31,0.2976207181961963,0.95
57,2,asymmetric,0.61,0.29989251860960786,0.95
58,2,asymmetric,0.9099999999999999,0.2997768776533958,0.95
156,6,0.31,0.31,0.3943852822469515,0.95
59,2,asymmetric,symmetric,0.29989251860960786,0.95
90,4,0.01,0.01,0.41405952596007656,0.95
92,4,0.01,0.61,0.4083052961543269,0.95
151,6,0.01,0.31,0.37765591667656095,0.95
93,4,0.01,0.9099999999999999,0.40603961336224825,0.95
94,4,0.01,symmetric,0.4017407155551942,0.95
33,2,0.01,0.9099999999999999,0.30965046024166976,0.95
416,14,asymmetric,0.31,0.456652193377744,0.95
32,2,0.01,0.61,0.3196782573504169,0.95
95,4,0.31,0.01,0.4015779444780171,0.95
538,18,asymmetric,0.9099999999999999,0.4835144885870122,0.95
295,10,asymmetric,0.01,0.4119766160848508,0.95
30,2,0.01,0.01,0.3210996983522022,0.95
437,15,0.9099999999999999,0.61,0.43696956171930224,0.9466666666666667
378,13,0.9099999999999999,0.9099999999999999,0.4325139136496125,0.9461538461538461
388,13,asymmetric,0.9099999999999999,0.41397064642167536,0.9461538461538461
367,13,0.31,0.61,0.45680278816006253,0.9461538461538461
365,13,0.31,0.01,0.4611327255865933,0.9461538461538461
361,13,0.01,0.31,0.44009115253546116,0.9461538461538461
373,13,0.61,0.9099999999999999,0.42717981296980206,0.9461538461538461
309,11,0.31,symmetric,0.41003907103347553,0.9454545454545454
315,11,0.9099999999999999,0.01,0.4165448661016988,0.9454545454545454
305,11,0.31,0.01,0.42755708816517257,0.9454545454545454
575,20,0.31,0.01,0.4374257558861553,0.945
265,9,asymmetric,0.01,0.3864369717832457,0.9444444444444444
255,9,0.9099999999999999,0.01,0.4233952350634085,0.9444444444444444
254,9,0.61,symmetric,0.4383428001685936,0.9444444444444444
523,18,0.61,0.9099999999999999,0.44266039567302623,0.9444444444444444
247,9,0.31,0.61,0.4253773256428722,0.9444444444444444
261,9,symmetric,0.31,0.42259289335988226,0.9444444444444444
517,18,0.31,0.61,0.43701450172228806,0.9444444444444444
241,9,0.01,0.31,0.4149650428426338,0.9444444444444444
450,16,0.01,0.01,0.4301925446795199,0.94375
407,14,0.9099999999999999,0.61,0.44776652010921925,0.9428571428571428
182,7,0.01,0.61,0.4097363157417408,0.9428571428571428
183,7,0.01,0.9099999999999999,0.39202870018215286,0.9428571428571428
208,7,asymmetric,0.9099999999999999,0.3922042297550293,0.9428571428571428
181,7,0.01,0.31,0.4134138791409319,0.9428571428571428
193,7,0.61,0.9099999999999999,0.39766379661527873,0.9428571428571428
192,7,0.61,0.61,0.40787306194320166,0.9428571428571428
209,7,asymmetric,symmetric,0.4084026934467837,0.9428571428571428
406,14,0.9099999999999999,0.31,0.44661742542475874,0.9428571428571428
198,7,0.9099999999999999,0.9099999999999999,0.3999226585385308,0.9428571428571428
203,7,symmetric,0.9099999999999999,0.3989268228201705,0.9428571428571428
207,7,asymmetric,0.61,0.3986347998411703,0.9428571428571428
202,7,symmetric,0.61,0.3987466887450656,0.9428571428571428
201,7,symmetric,0.31,0.4206859674955704,0.9428571428571428
206,7,asymmetric,0.31,0.40382317822327624,0.9428571428571428
339,12,0.31,symmetric,0.4258167807968977,0.9416666666666667
359,12,asymmetric,symmetric,0.44659972210383897,0.9416666666666667
345,12,0.9099999999999999,0.01,0.46330014437537087,0.9416666666666667
340,12,0.61,0.01,0.46700326805880116,0.9416666666666667
128,5,0.31,0.9099999999999999,0.3796695677159365,0.94
132,5,0.61,0.61,0.389750955010663,0.94
289,10,0.9099999999999999,symmetric,0.4348237556980775,0.94
130,5,0.61,0.01,0.39101593550939884,0.94
280,10,0.61,0.01,0.4222137651173676,0.94
288,10,0.9099999999999999,0.9099999999999999,0.40585727278668154,0.94
285,10,0.9099999999999999,0.01,0.4474913791548116,0.94
123,5,0.01,0.9099999999999999,0.3977173430578197,0.94
121,5,0.01,0.31,0.3796183111765519,0.94
124,5,0.01,symmetric,0.38610322446917617,0.94
433,15,0.61,0.9099999999999999,0.4348940505136512,0.94
438,15,0.9099999999999999,0.9099999999999999,0.4099897234488926,0.94
122,5,0.01,0.61,0.38632993320572817,0.94
127,5,0.31,0.61,0.3756420532176336,0.94
141,5,symmetric,0.31,0.3806554209429654,0.94
134,5,0.61,symmetric,0.397210343197682,0.94
142,5,symmetric,0.61,0.3807978237702496,0.94
148,5,asymmetric,0.9099999999999999,0.40361611568092065,0.94
143,5,symmetric,0.9099999999999999,0.37821350764482214,0.94
144,5,symmetric,symmetric,0.38496644568746047,0.94
139,5,0.9099999999999999,symmetric,0.39302636462335494,0.94
537,18,asymmetric,0.61,0.44498208004458356,0.9388888888888889
532,18,symmetric,0.61,0.4496924380914142,0.9388888888888889
379,13,0.9099999999999999,symmetric,0.4578953615259612,0.9384615384615385
381,13,symmetric,0.31,0.43805383359833816,0.9384615384615385
375,13,0.9099999999999999,0.01,0.4531168871604435,0.9384615384615385
382,13,symmetric,0.61,0.4390738319459508,0.9384615384615385
383,13,symmetric,0.9099999999999999,0.44463088763173786,0.9384615384615385
371,13,0.61,0.31,0.4299810415329034,0.9384615384615385
376,13,0.9099999999999999,0.31,0.46862278348432673,0.9384615384615385
363,13,0.01,0.9099999999999999,0.45350771868003115,0.9384615384615385
364,13,0.01,symmetric,0.4468713271401983,0.9384615384615385
236,8,asymmetric,0.31,0.4316927619872982,0.9375
227,8,0.9099999999999999,0.61,0.4517669568530931,0.9375
470,16,symmetric,0.01,0.43011303405691287,0.9375
219,8,0.31,symmetric,0.41318277318069563,0.9375
228,8,0.9099999999999999,0.9099999999999999,0.4517308413081134,0.9375
468,16,0.9099999999999999,0.9099999999999999,0.4175455713008417,0.9375
328,11,asymmetric,0.9099999999999999,0.42384202771904905,0.9363636363636364
318,11,0.9099999999999999,0.9099999999999999,0.4269144818620974,0.9363636363636364
306,11,0.31,0.31,0.42902913749201554,0.9363636363636364
326,11,asymmetric,0.31,0.40787758617510106,0.9363636363636364
316,11,0.9099999999999999,0.31,0.4299689897116459,0.9363636363636364
418,14,asymmetric,0.9099999999999999,0.43735908335733237,0.9357142857142857
396,14,0.31,0.31,0.43413085057422657,0.9357142857142857
397,14,0.31,0.61,0.4425525188001474,0.9357142857142857
405,14,0.9099999999999999,0.01,0.4401481349287121,0.9357142857142857
400,14,0.61,0.01,0.4205177832575733,0.9357142857142857
572,20,0.01,0.61,0.45217800150018406,0.935
592,20,symmetric,0.61,0.44802131020518254,0.935
249,9,0.31,symmetric,0.44180686149763604,0.9333333333333333
333,12,0.01,0.9099999999999999,0.44261549141868306,0.9333333333333333
347,12,0.9099999999999999,0.61,0.4166214195036842,0.9333333333333333
338,12,0.31,0.9099999999999999,0.41153633184449284,0.9333333333333333
512,18,0.01,0.61,0.44452638909460007,0.9333333333333333
349,12,0.9099999999999999,symmetric,0.44479235559265295,0.9333333333333333
243,9,0.01,0.9099999999999999,0.4213385165104668,0.9333333333333333
353,12,symmetric,0.9099999999999999,0.4492075301852254,0.9333333333333333
355,12,asymmetric,0.01,0.4470428413904563,0.9333333333333333
263,9,symmetric,0.9099999999999999,0.41701505623729807,0.9333333333333333
436,15,0.9099999999999999,0.31,0.4239382284710048,0.9333333333333333
268,9,asymmetric,0.9099999999999999,0.426678749971764,0.9333333333333333
358,12,asymmetric,0.9099999999999999,0.4563491900026526,0.9333333333333333
244,9,0.01,symmetric,0.43166325539046824,0.9333333333333333
374,13,0.61,symmetric,0.42695553318789925,0.9307692307692308
389,13,asymmetric,symmetric,0.43849573728050106,0.9307692307692308
380,13,symmetric,0.01,0.45890900731764195,0.9307692307692308
360,13,0.01,0.01,0.4539455504382544,0.9307692307692308
362,13,0.01,0.61,0.43650336676754625,0.9307692307692308
369,13,0.31,symmetric,0.4491771674756771,0.9307692307692308
387,13,asymmetric,0.61,0.4534430456086916,0.9307692307692308
276,10,0.31,0.31,0.4263637230189291,0.93
277,10,0.31,0.61,0.41345527202907884,0.93
293,10,symmetric,0.9099999999999999,0.43370188730825754,0.93
298,10,asymmetric,0.9099999999999999,0.4334914838165755,0.93
292,10,symmetric,0.61,0.40360951094886255,0.93
281,10,0.61,0.31,0.42550329973503365,0.93
283,10,0.61,0.9099999999999999,0.40875680784073465,0.93
291,10,symmetric,0.31,0.4304832565061811,0.93
290,10,symmetric,0.01,0.4056272175836659,0.93
275,10,0.31,0.01,0.41803315330854723,0.93
271,10,0.01,0.31,0.42475536477880665,0.93
490,17,0.61,0.01,0.44125124334749755,0.9294117647058824
493,17,0.61,0.9099999999999999,0.428064793651643,0.9294117647058824
498,17,0.9099999999999999,0.9099999999999999,0.4164394346451283,0.9294117647058824
495,17,0.9099999999999999,0.01,0.43658859641956627,0.9294117647058824
401,14,0.61,0.31,0.41808666605515293,0.9285714285714286
199,7,0.9099999999999999,symmetric,0.406377305037055,0.9285714285714286
197,7,0.9099999999999999,0.61,0.40105464601630436,0.9285714285714286
411,14,symmetric,0.31,0.44913947252137243,0.9285714285714286
415,14,asymmetric,0.01,0.4293307764723445,0.9285714285714286
412,14,symmetric,0.61,0.45311073996874107,0.9285714285714286
417,14,asymmetric,0.61,0.440888652383583,0.9285714285714286
196,7,0.9099999999999999,0.31,0.4070651739807424,0.9285714285714286
194,7,0.61,symmetric,0.3994133710676321,0.9285714285714286
191,7,0.61,0.31,0.4049898394451996,0.9285714285714286
188,7,0.31,0.9099999999999999,0.3947779023162438,0.9285714285714286
186,7,0.31,0.31,0.4046448090469484,0.9285714285714286
515,18,0.31,0.01,0.44585358357806865,0.9277777777777778
528,18,0.9099999999999999,0.9099999999999999,0.443068583839535,0.9277777777777778
317,11,0.9099999999999999,0.61,0.4404607958151762,0.9272727272727272
311,11,0.61,0.31,0.43268129286592116,0.9272727272727272
322,11,symmetric,0.61,0.43274448561541745,0.9272727272727272
323,11,symmetric,0.9099999999999999,0.444570729748717,0.9272727272727272
324,11,symmetric,symmetric,0.4193518080930435,0.9272727272727272
314,11,0.61,symmetric,0.4015606296056163,0.9272727272727272
312,11,0.61,0.61,0.43460202232712286,0.9272727272727272
434,15,0.61,symmetric,0.45276741260348374,0.9266666666666666
422,15,0.01,0.61,0.47449695473883063,0.9266666666666666
550,19,0.61,0.01,0.4367319278268575,0.9263157894736842
544,19,0.01,symmetric,0.4258676380449115,0.9263157894736842
223,8,0.61,0.9099999999999999,0.4346203681736008,0.925
337,12,0.31,0.61,0.4058038897721324,0.925
472,16,symmetric,0.61,0.40290460851716214,0.925
466,16,0.9099999999999999,0.31,0.4198537917452515,0.925
220,8,0.61,0.01,0.4166012724375191,0.925
457,16,0.31,0.61,0.4397694612653817,0.925
591,20,symmetric,0.31,0.4184626332422554,0.925
221,8,0.61,0.31,0.42960741718432804,0.925
341,12,0.61,0.31,0.4186752330402461,0.925
222,8,0.61,0.61,0.4386486455794341,0.925
477,16,asymmetric,0.61,0.4176525193388107,0.925
462,16,0.61,0.61,0.447639160263168,0.925
574,20,0.01,symmetric,0.4159758755773496,0.925
334,12,0.01,symmetric,0.4374911599474196,0.925
226,8,0.9099999999999999,0.31,0.437435601668405,0.925
384,13,symmetric,symmetric,0.4523573572238574,0.9230769230769231
372,13,0.61,0.61,0.4474808781393794,0.9230769230769231
385,13,asymmetric,0.01,0.44298141305630756,0.9230769230769231
535,18,asymmetric,0.01,0.44072843923802235,0.9222222222222223
530,18,symmetric,0.01,0.43522457548162585,0.9222222222222223
262,9,symmetric,0.61,0.42374839451584256,0.9222222222222223
510,18,0.01,0.01,0.43285748491810266,0.9222222222222223
514,18,0.01,symmetric,0.43549601857808334,0.9222222222222223
260,9,symmetric,0.01,0.43278964726842317,0.9222222222222223
256,9,0.9099999999999999,0.31,0.42587694220549444,0.9222222222222223
539,18,asymmetric,symmetric,0.44616734596075097,0.9222222222222223
251,9,0.61,0.31,0.41615294155827554,0.9222222222222223
248,9,0.31,0.9099999999999999,0.4167287436757988,0.9222222222222223
527,18,0.9099999999999999,0.61,0.44707890232547737,0.9222222222222223
246,9,0.31,0.31,0.4282966266346035,0.9222222222222223
242,9,0.01,0.61,0.4280709970497776,0.9222222222222223
410,14,symmetric,0.01,0.44447167702630896,0.9214285714285714
413,14,symmetric,0.9099999999999999,0.4264282559857531,0.9214285714285714
399,14,0.31,symmetric,0.4265680538707537,0.9214285714285714
398,14,0.31,0.9099999999999999,0.45795652702792833,0.9214285714285714
409,14,0.9099999999999999,symmetric,0.44421214229666184,0.9214285714285714
392,14,0.01,0.61,0.4570713015097742,0.9214285714285714
391,14,0.01,0.31,0.44937889279106696,0.9214285714285714
390,14,0.01,0.01,0.4422432238674653,0.9214285714285714
569,19,asymmetric,symmetric,0.4290759626069999,0.9210526315789473
555,19,0.9099999999999999,0.01,0.4432459049064176,0.9210526315789473
558,19,0.9099999999999999,0.9099999999999999,0.46270094923301136,0.9210526315789473
566,19,asymmetric,0.31,0.44494268888830035,0.9210526315789473
551,19,0.61,0.31,0.4344197477051448,0.9210526315789473
582,20,0.61,0.61,0.4530489911870842,0.92
587,20,0.9099999999999999,0.61,0.4356733274303558,0.92
443,15,symmetric,0.9099999999999999,0.43654546240188485,0.92
588,20,0.9099999999999999,0.9099999999999999,0.46851061434280233,0.92
590,20,symmetric,0.01,0.4247804187338338,0.92
133,5,0.61,0.9099999999999999,0.38889377856329466,0.92
126,5,0.31,0.31,0.38065542094296545,0.92
272,10,0.01,0.61,0.4024804964501471,0.92
583,20,0.61,0.9099999999999999,0.4549053236845638,0.92
435,15,0.9099999999999999,0.01,0.42067921694122723,0.92
273,10,0.01,0.9099999999999999,0.42498641858274927,0.92
286,10,0.9099999999999999,0.31,0.42648522737507905,0.92
287,10,0.9099999999999999,0.61,0.40762102419517515,0.92
296,10,asymmetric,0.31,0.4180327642658323,0.92
297,10,asymmetric,0.61,0.4113634535576399,0.92
452,16,0.01,0.61,0.40963664499744,0.91875
475,16,asymmetric,0.01,0.42229049684272235,0.91875
310,11,0.61,0.01,0.4163112921582004,0.9181818181818182
327,11,asymmetric,0.61,0.41726760671072366,0.9181818181818182
321,11,symmetric,0.31,0.42876746631358836,0.9181818181818182
319,11,0.9099999999999999,symmetric,0.4284164786391871,0.9181818181818182
313,11,0.61,0.9099999999999999,0.4433097461351267,0.9181818181818182
308,11,0.31,0.9099999999999999,0.4447875364187025,0.9181818181818182
307,11,0.31,0.61,0.4399569231974501,0.9181818181818182
303,11,0.01,0.9099999999999999,0.4455353869873597,0.9181818181818182
496,17,0.9099999999999999,0.31,0.4217470920909254,0.9176470588235294
508,17,asymmetric,0.9099999999999999,0.4364061408553736,0.9176470588235294
494,17,0.61,symmetric,0.4315583484113758,0.9176470588235294
534,18,symmetric,symmetric,0.4381078477800817,0.9166666666666666
525,18,0.9099999999999999,0.01,0.4317501414701579,0.9166666666666666
529,18,0.9099999999999999,symmetric,0.4261321355018002,0.9166666666666666
522,18,0.61,0.61,0.4219115990550668,0.9166666666666666
521,18,0.61,0.31,0.41922793373268774,0.9166666666666666
519,18,0.31,symmetric,0.4494730883036337,0.9166666666666666
511,18,0.01,0.31,0.43897087337358154,0.9166666666666666
348,12,0.9099999999999999,0.9099999999999999,0.4006015484234627,0.9166666666666666
332,12,0.01,0.61,0.39441930133108677,0.9166666666666666
346,12,0.9099999999999999,0.31,0.4427504530704243,0.9166666666666666
343,12,0.61,0.9099999999999999,0.41171580211474973,0.9166666666666666
352,12,symmetric,0.61,0.3893866220527924,0.9166666666666666
540,19,0.01,0.01,0.44032706681973094,0.9157894736842105
565,19,asymmetric,0.01,0.43335327564634246,0.9157894736842105
554,19,0.61,symmetric,0.429772025603752,0.9157894736842105
377,13,0.9099999999999999,0.61,0.4486203995414081,0.9153846153846154
366,13,0.31,0.31,0.4452063115199113,0.9153846153846154
597,20,asymmetric,0.61,0.4679105172979298,0.915
585,20,0.9099999999999999,0.01,0.4394190370596508,0.915
577,20,0.31,0.61,0.4638482680931447,0.915
395,14,0.31,0.01,0.42285596901130423,0.9142857142857143
414,14,symmetric,symmetric,0.4340292812547875,0.9142857142857143
187,7,0.31,0.61,0.39840082262978777,0.9142857142857143
394,14,0.01,symmetric,0.4331378977078722,0.9142857142857143
426,15,0.31,0.31,0.4484228345681254,0.9133333333333333
441,15,symmetric,0.31,0.46137185343643433,0.9133333333333333
447,15,asymmetric,0.61,0.4748218466972534,0.9133333333333333
444,15,symmetric,symmetric,0.44574628251712956,0.9133333333333333
430,15,0.61,0.01,0.4428240824013087,0.9133333333333333
420,15,0.01,0.01,0.4292175067746567,0.9133333333333333
479,16,asymmetric,symmetric,0.42522322425396397,0.9125
467,16,0.9099999999999999,0.61,0.39021356422114917,0.9125
464,16,0.61,symmetric,0.4275085060706728,0.9125
210,8,0.01,0.01,0.40562068166782167,0.9125
214,8,0.01,symmetric,0.41222351005826985,0.9125
232,8,symmetric,0.61,0.4250518001226222,0.9125
230,8,symmetric,0.01,0.4086911856176071,0.9125
454,16,0.01,symmetric,0.4329307067742116,0.9125
217,8,0.31,0.61,0.42323788382989597,0.9125
215,8,0.31,0.01,0.4090937362041387,0.9125
509,17,asymmetric,symmetric,0.4389048580550666,0.9117647058823529
506,17,asymmetric,0.31,0.420642862112345,0.9117647058823529
499,17,0.9099999999999999,symmetric,0.4346150884825151,0.9117647058823529
504,17,symmetric,symmetric,0.4163415214390942,0.9117647058823529
524,18,0.61,symmetric,0.4353566429003228,0.9111111111111111
253,9,0.61,0.9099999999999999,0.4102087295745185,0.9111111111111111
258,9,0.9099999999999999,0.9099999999999999,0.42137812558396104,0.9111111111111111
266,9,asymmetric,0.31,0.4052636240296524,0.9111111111111111
556,19,0.9099999999999999,0.31,0.4352752335426149,0.9105263157894737
547,19,0.31,0.61,0.4651823255752487,0.9105263157894737
562,19,symmetric,0.61,0.44865523527943385,0.9105263157894737
541,19,0.01,0.31,0.455484381681749,0.9105263157894737
557,19,0.9099999999999999,0.61,0.42890468515264574,0.9105263157894737
279,10,0.31,symmetric,0.4131297249999908,0.91
580,20,0.61,0.01,0.4272814008963673,0.91
294,10,symmetric,symmetric,0.4078622852610502,0.91
299,10,asymmetric,symmetric,0.40876306042716753,0.91
274,10,0.01,symmetric,0.40978757397016585,0.91
595,20,asymmetric,0.01,0.4246676594090231,0.91
579,20,0.31,symmetric,0.4276641952669438,0.91
301,11,0.01,0.31,0.41073095771379914,0.9090909090909091
302,11,0.01,0.61,0.4440785037009816,0.9090909090909091
357,12,asymmetric,0.61,0.3958162571108412,0.9083333333333333
335,12,0.31,0.01,0.45313451205948097,0.9083333333333333
350,12,symmetric,0.01,0.4567685570339058,0.9083333333333333
342,12,0.61,0.61,0.4059111513851803,0.9083333333333333
354,12,symmetric,symmetric,0.44249647080473764,0.9083333333333333
368,13,0.31,0.9099999999999999,0.4687578231255223,0.9076923076923077
370,13,0.61,0.01,0.44007795560311863,0.9076923076923077
419,14,asymmetric,symmetric,0.4188464886466173,0.9071428571428571
432,15,0.61,0.61,0.4298726214169087,0.9066666666666666
424,15,0.01,symmetric,0.4393671183999718,0.9066666666666666
423,15,0.01,0.9099999999999999,0.4436451483749472,0.9066666666666666
421,15,0.01,0.31,0.4630209474565264,0.9066666666666666
442,15,symmetric,0.61,0.4633347072697599,0.9066666666666666
455,16,0.31,0.01,0.4286401321158356,0.90625
451,16,0.01,0.31,0.4271357571403318,0.90625
459,16,0.31,symmetric,0.40935337191992394,0.90625
460,16,0.61,0.01,0.43480358506000744,0.90625
461,16,0.61,0.31,0.4339198033717029,0.90625
485,17,0.31,0.01,0.4359425374370782,0.9058823529411765
497,17,0.9099999999999999,0.61,0.412142239170588,0.9058823529411765
491,17,0.61,0.31,0.42134594897160527,0.9058823529411765
489,17,0.31,symmetric,0.43776963772997435,0.9058823529411765
536,18,asymmetric,0.31,0.4312715836606961,0.9055555555555556
552,19,0.61,0.61,0.4370088755735812,0.9052631578947369
546,19,0.31,0.31,0.4746513172005593,0.9052631578947369
561,19,symmetric,0.31,0.446259167540865,0.9052631578947369
564,19,symmetric,symmetric,0.436079971027909,0.9052631578947369
576,20,0.31,0.31,0.43508768993449776,0.905
594,20,symmetric,symmetric,0.40977884697249917,0.905
570,20,0.01,0.01,0.42861347015677176,0.905
448,15,asymmetric,0.9099999999999999,0.45575194765317006,0.9
492,17,0.61,0.61,0.4176674472234522,0.9
449,15,asymmetric,symmetric,0.42269729250085347,0.9
549,19,0.31,symmetric,0.42465617831000696,0.9
252,9,0.61,0.61,0.4143074038085149,0.9
356,12,asymmetric,0.31,0.3882555110153368,0.9
501,17,symmetric,0.31,0.4304132158869412,0.9
446,15,asymmetric,0.31,0.45614017780260724,0.9
598,20,asymmetric,0.9099999999999999,0.48445700230372807,0.9
351,12,symmetric,0.31,0.4446158135854425,0.9
233,8,symmetric,0.9099999999999999,0.418726846659751,0.9
237,8,asymmetric,0.61,0.42335173784329583,0.9
257,9,0.9099999999999999,0.61,0.4223107349840915,0.9
559,19,0.9099999999999999,symmetric,0.4400658238155941,0.9
599,20,asymmetric,symmetric,0.425474607741287,0.9
474,16,symmetric,symmetric,0.4412706444810128,0.9
484,17,0.01,symmetric,0.42282599325433523,0.9
516,18,0.31,0.31,0.4299327254002818,0.9
336,12,0.31,0.31,0.4121389499449674,0.9
431,15,0.61,0.31,0.42707861535067776,0.9
231,8,symmetric,0.31,0.4239739248352389,0.9
331,12,0.01,0.31,0.43930121347683143,0.9
502,17,symmetric,0.61,0.4281515125826364,0.9
456,16,0.31,0.31,0.4245097075015789,0.9
212,8,0.01,0.61,0.42735385474391013,0.9
526,18,0.9099999999999999,0.31,0.41029844436471746,0.9
503,17,symmetric,0.9099999999999999,0.4405483072029647,0.9
282,10,0.61,0.61,0.40509355846309336,0.9
445,15,asymmetric,0.01,0.4146977002378476,0.9
531,18,symmetric,0.31,0.4398476773014192,0.9
507,17,asymmetric,0.61,0.4251138673212905,0.9
211,8,0.01,0.31,0.42883526016435997,0.9
586,20,0.9099999999999999,0.31,0.4026055234441456,0.895
584,20,0.61,symmetric,0.4206007807596377,0.895
596,20,asymmetric,0.31,0.45220084005311845,0.895
560,19,symmetric,0.01,0.4406579528163713,0.8947368421052632
520,18,0.61,0.01,0.4265191708581798,0.8944444444444445
481,17,0.01,0.31,0.4241597495327164,0.8941176470588236
482,17,0.01,0.61,0.4271544712763522,0.8941176470588236
465,16,0.9099999999999999,0.01,0.4521003200528598,0.89375
471,16,symmetric,0.31,0.42102499229999857,0.89375
440,15,symmetric,0.01,0.4444508709853704,0.8933333333333333
439,15,0.9099999999999999,symmetric,0.40454894188551643,0.8933333333333333
429,15,0.31,symmetric,0.44005479346381826,0.8933333333333333
428,15,0.31,0.9099999999999999,0.44802134213075584,0.8933333333333333
330,12,0.01,0.01,0.4518460588303243,0.8916666666666667
571,20,0.01,0.31,0.42218012101988406,0.89
278,10,0.31,0.9099999999999999,0.4300437940050834,0.89
545,19,0.31,0.01,0.4225860323722736,0.8894736842105263
487,17,0.31,0.61,0.4340447302938985,0.888235294117647
213,8,0.01,0.9099999999999999,0.4236219425438881,0.8875
216,8,0.31,0.31,0.42872949348146794,0.8875
238,8,asymmetric,0.9099999999999999,0.42910957339450084,0.8875
234,8,symmetric,symmetric,0.40141657937387637,0.8875
476,16,asymmetric,0.31,0.44049305654450954,0.8875
425,15,0.31,0.01,0.4466954226013087,0.8866666666666667
427,15,0.31,0.61,0.4399364691878773,0.8866666666666667
581,20,0.61,0.31,0.4170414481574093,0.885
533,18,symmetric,0.9099999999999999,0.4697537660300075,0.8833333333333333
505,17,asymmetric,0.01,0.4361237407131168,0.8823529411764706
488,17,0.31,0.9099999999999999,0.44425134378237763,0.8823529411764706
486,17,0.31,0.31,0.45217407661664155,0.8823529411764706
469,16,0.9099999999999999,symmetric,0.44524312260285703,0.88125
513,18,0.01,0.9099999999999999,0.47769893292766485,0.8777777777777778
500,17,symmetric,0.01,0.42107784664562153,0.8764705882352941
483,17,0.01,0.9099999999999999,0.4153317650268586,0.8764705882352941
478,16,asymmetric,0.9099999999999999,0.4559585828961217,0.875
218,8,0.31,0.9099999999999999,0.4093559903693962,0.875
543,19,0.01,0.9099999999999999,0.450212033112834,0.8736842105263158
542,19,0.01,0.61,0.4445390793949594,0.8736842105263158
578,20,0.31,0.9099999999999999,0.4431207584549104,0.865
480,17,0.01,0.01,0.4203462198719284,0.8647058823529412
567,19,asymmetric,0.61,0.4589436023776521,0.8631578947368421
593,20,symmetric,0.9099999999999999,0.4613480007069698,0.85
553,19,0.61,0.9099999999999999,0.42495536841934856,0.8473684210526315
573,20,0.01,0.9099999999999999,0.4587233606931929,0.84
548,19,0.31,0.9099999999999999,0.4378994068235758,0.8368421052631579
568,19,asymmetric,0.9099999999999999,0.4627064543616671,0.8210526315789474
563,19,symmetric,0.9099999999999999,0.4349712690334751,0.8157894736842105
