Topics,Alpha,Beta,Coherence,Topic Diversity,Topic Quality
6,0.61,0.9099999999999999,0.4002712300384075,0.9666666666666667,0.3869288557037939
7,asymmetric,0.01,0.3907978502171837,0.9857142857142858,0.3852150237855097
6,0.31,0.9099999999999999,0.39665624470756805,0.9666666666666667,0.38343436988398244
6,0.31,0.61,0.3964149467756868,0.9666666666666667,0.38320111521649725
9,0.61,symmetric,0.39528632452453616,0.9666666666666667,0.3821101137070516
7,asymmetric,0.31,0.39844576995396835,0.9571428571428572,0.3813695226702269
6,asymmetric,0.9099999999999999,0.3942578425387165,0.9666666666666667,0.3811159144540926
7,0.31,symmetric,0.3919351896996482,0.9714285714285714,0.38073704142251535
6,0.9099999999999999,0.9099999999999999,0.3938041425094208,0.9666666666666667,0.3806773377591068
7,asymmetric,symmetric,0.3957118024598237,0.9571428571428572,0.3787527252115455
7,0.9099999999999999,symmetric,0.39525456534468917,0.9571428571428572,0.3783150839727739
7,symmetric,0.01,0.3894351903412862,0.9714285714285714,0.3783084706172495
7,0.61,0.01,0.3893252479472164,0.9714285714285714,0.3782016694344388
7,0.61,0.9099999999999999,0.4009021169642512,0.9428571428571428,0.377993424566294
6,asymmetric,0.61,0.39089272111935475,0.9666666666666667,0.3778629637487096
8,0.01,0.61,0.4081614294402178,0.925,0.3775493222322015
6,0.01,0.61,0.39021804203904503,0.9666666666666667,0.3772107739710769
6,symmetric,0.9099999999999999,0.3898124940755889,0.9666666666666667,0.3768187442730693
6,0.01,0.9099999999999999,0.3898124940755889,0.9666666666666667,0.3768187442730693
8,0.61,0.01,0.3861605209044059,0.975,0.37650650788179574
7,symmetric,symmetric,0.3931651840902628,0.9571428571428572,0.37631524762925156
6,0.9099999999999999,0.01,0.3953161254632847,0.95,0.37555031919012044
8,0.01,0.9099999999999999,0.4058016400680823,0.925,0.37536651706297613
7,0.31,0.01,0.38613018344447253,0.9714285714285714,0.3750978924889162
7,0.31,0.31,0.391697913257193,0.9571428571428572,0.37491085983188477
7,symmetric,0.31,0.391697913257193,0.9571428571428572,0.37491085983188477
6,symmetric,0.61,0.38782370020768653,0.9666666666666667,0.374896243534097
7,0.61,0.61,0.39757107765645905,0.9428571428571428,0.3748527303618042
7,0.31,0.9099999999999999,0.3972131427603577,0.9428571428571428,0.37451524888833726
9,0.61,0.01,0.39140642581475876,0.9555555555555556,0.3740105846674362
8,0.01,0.01,0.3936361283094556,0.95,0.3739543218939828
6,0.61,0.31,0.39342389142917117,0.95,0.3737526968577126
6,0.61,0.61,0.4002712300384075,0.9333333333333333,0.3735864813691803
9,0.61,0.31,0.3900064077398353,0.9555555555555556,0.3726727896180649
8,0.01,symmetric,0.39147590625004103,0.95,0.37190211093753894
8,symmetric,symmetric,0.39147590625004103,0.95,0.37190211093753894
8,0.01,0.31,0.39622803601026646,0.9375,0.3714637837596248
19,0.9099999999999999,0.01,0.39850190147861236,0.9315789473684211,0.37123598190375995
8,symmetric,0.01,0.3907209160351574,0.95,0.3711848702333995
7,0.61,0.31,0.3936202615110172,0.9428571428571428,0.37112767513895906
6,0.9099999999999999,0.61,0.39751474537456866,0.9333333333333333,0.37101376234959743
7,0.01,0.01,0.38718138628021814,0.9571428571428572,0.37058789829678024
7,0.61,symmetric,0.38691753292245107,0.9571428571428572,0.3703353529400603
9,0.9099999999999999,0.01,0.3870514877687562,0.9555555555555556,0.36984919942347816
8,asymmetric,0.01,0.38423409367570477,0.9625,0.3698253151628659
7,0.9099999999999999,0.31,0.39725995415143167,0.9285714285714286,0.36888424314061513
8,0.9099999999999999,0.31,0.38322112278724907,0.9625,0.3688503306827272
9,0.9099999999999999,symmetric,0.3857275000642431,0.9555555555555556,0.36858405561694346
19,asymmetric,0.61,0.39544931492017454,0.9315789473684211,0.36839225653089946
19,0.9099999999999999,symmetric,0.39484594936498585,0.9315789473684211,0.3678301738821184
7,asymmetric,0.61,0.4022807050164898,0.9142857142857143,0.3677995017293621
10,0.31,0.61,0.3751174000600394,0.98,0.3676150520588386
18,asymmetric,0.9099999999999999,0.3914457824481084,0.9388888888888889,0.3675240957429462
8,symmetric,0.9099999999999999,0.40223343391382105,0.9125,0.3670380084463617
7,0.01,symmetric,0.3834550929307469,0.9571428571428572,0.3670213032337149
6,asymmetric,0.31,0.3862413900154506,0.95,0.3669293205146781
8,symmetric,0.31,0.3907401189814587,0.9375,0.36631886154511756
10,symmetric,0.61,0.3737810195747163,0.98,0.36630539918322197
10,0.31,0.9099999999999999,0.373608734277304,0.98,0.36613655959175795
6,0.9099999999999999,symmetric,0.3922833750429016,0.9333333333333333,0.36613115004004154
6,0.9099999999999999,0.31,0.3922833750429016,0.9333333333333333,0.36613115004004154
18,0.31,0.01,0.3946267930912999,0.9277777777777778,0.36612596914581713
7,0.9099999999999999,0.01,0.38818977192818593,0.9428571428571428,0.3660074992465753
8,0.31,0.01,0.38483167789910006,0.95,0.36559009400414505
9,0.31,symmetric,0.3961231491691191,0.9222222222222223,0.3653135709004099
6,0.61,0.01,0.38453915252132526,0.95,0.36531219489525896
8,symmetric,0.61,0.40570595586006597,0.9,0.3651353602740594
10,0.61,0.61,0.37230517365961274,0.98,0.3648590701864205
7,0.01,0.61,0.39242394314105483,0.9285714285714286,0.36439366148812236
8,0.9099999999999999,0.01,0.38353768642448005,0.95,0.36436080210325605
7,0.9099999999999999,0.61,0.3984412083436995,0.9142857142857143,0.3642891047713824
7,0.31,0.61,0.391697913257193,0.9285714285714286,0.3637194908816792
6,asymmetric,0.01,0.38271687337153143,0.95,0.36358102970295486
9,0.31,0.01,0.3941991280843753,0.9222222222222223,0.36353919590003503
9,symmetric,0.31,0.3844173464686694,0.9444444444444444,0.36306082722040994
10,0.61,0.9099999999999999,0.37036207548035704,0.98,0.3629548339707499
8,0.9099999999999999,symmetric,0.381690069000582,0.95,0.3626055655505529
6,symmetric,0.31,0.38822924817114274,0.9333333333333333,0.36234729829306656
19,0.61,0.01,0.3977743165491,0.9105263157894737,0.3621839829631279
6,asymmetric,symmetric,0.38087139825178457,0.95,0.3618278283391953
18,0.9099999999999999,0.9099999999999999,0.3895851152291571,0.9277777777777778,0.3614484124626069
10,0.61,0.31,0.36875270174783953,0.98,0.3613776477128827
9,0.9099999999999999,0.31,0.3869423793377892,0.9333333333333333,0.3611462207152699
19,0.9099999999999999,0.31,0.39427074840996695,0.9157894736842105,0.3610690011754434
6,0.31,0.31,0.38679623583755046,0.9333333333333333,0.3610098201150471
19,0.61,symmetric,0.398338092813812,0.9052631578947369,0.3606007998103982
7,0.9099999999999999,0.9099999999999999,0.40060733449808394,0.9,0.3605466010482756
9,0.61,0.61,0.3862681858410146,0.9333333333333333,0.3605169734516136
17,asymmetric,0.9099999999999999,0.3829966949321684,0.9411764705882353,0.36046747758321734
8,0.31,0.61,0.39494229748518433,0.9125,0.3603848464552307
6,symmetric,symmetric,0.3791320828336861,0.95,0.3601754786920018
8,0.31,symmetric,0.384046960062781,0.9375,0.3600440250588572
8,0.61,0.9099999999999999,0.3944882509617341,0.9125,0.35997052900258236
7,0.01,0.9099999999999999,0.3936132299516341,0.9142857142857143,0.3598749530986369
6,0.61,symmetric,0.39228337504290156,0.9166666666666666,0.3595930937893264
19,asymmetric,0.9099999999999999,0.4064802575506229,0.8842105263157894,0.3594141224658139
7,asymmetric,0.9099999999999999,0.3991902592695175,0.9,0.3592712333425658
11,asymmetric,0.01,0.3724864783364051,0.9636363636363636,0.3589415154878085
18,symmetric,0.9099999999999999,0.38224053425758475,0.9388888888888889,0.35888139049739903
12,asymmetric,0.01,0.3811043119023035,0.9416666666666667,0.3588732270413358
12,0.01,0.01,0.3776951128900594,0.95,0.35881035724555643
12,symmetric,0.01,0.3776582745732904,0.95,0.35877536084462586
8,0.9099999999999999,0.61,0.3825975413066075,0.9375,0.35868519497494455
10,symmetric,0.9099999999999999,0.37351526962513526,0.96,0.35857465884012985
8,0.31,0.31,0.38763691588774346,0.925,0.3585641471961627
18,0.9099999999999999,0.61,0.3955899721617708,0.9055555555555556,0.35822869701315907
6,0.31,symmetric,0.3837484756308658,0.9333333333333333,0.3581652439221414
10,0.9099999999999999,0.31,0.36536502623852585,0.98,0.3580577257137553
12,asymmetric,0.31,0.3836103468569445,0.9333333333333333,0.3580363237331482
10,0.61,symmetric,0.3652890358149089,0.98,0.35798325509861073
18,0.31,symmetric,0.39290385284887647,0.9111111111111111,0.3579790659289763
6,0.01,0.01,0.3703160439488162,0.9666666666666667,0.357972175817189
18,asymmetric,0.61,0.39277418024013677,0.9111111111111111,0.3578609197743468
18,0.61,symmetric,0.39484074754104437,0.9055555555555556,0.3575502324955013
10,0.01,0.9099999999999999,0.37227250727987987,0.96,0.35738160698868465
18,0.61,0.31,0.39954017455418245,0.8944444444444445,0.3573664894623521
9,symmetric,0.61,0.38730681020566826,0.9222222222222223,0.35718294718967186
9,0.01,0.01,0.38691969116256697,0.9222222222222223,0.35682593740547847
9,0.9099999999999999,0.61,0.38224219158895983,0.9333333333333333,0.3567593788163625
10,asymmetric,0.31,0.3639818463792224,0.98,0.35670220945163794
12,asymmetric,symmetric,0.3787583088375212,0.9416666666666667,0.35666407415533247
10,0.9099999999999999,0.9099999999999999,0.37923714699948535,0.94,0.3564829181795162
18,0.9099999999999999,symmetric,0.3954520502591427,0.9,0.35590684523322846
11,0.61,0.9099999999999999,0.3691484805857232,0.9636363636363636,0.3557248994735151
19,0.31,0.01,0.3928629790417393,0.9052631578947369,0.3556443810272587
18,0.31,0.31,0.39024556890910733,0.9111111111111111,0.35555707389496444
18,0.01,0.9099999999999999,0.38089990206882013,0.9333333333333333,0.3555065752642321
8,0.61,symmetric,0.38427235171897084,0.925,0.35545192534004805
10,0.01,symmetric,0.3625933898622111,0.98,0.3553415220649669
10,0.31,0.31,0.36251876740297534,0.98,0.35526839205491584
10,0.31,0.01,0.3552468381319532,1.0,0.3552468381319532
9,0.01,0.31,0.380592429295407,0.9333333333333333,0.3552196006757132
9,0.01,0.61,0.38055160603015353,0.9333333333333333,0.35518149896147666
18,0.61,0.61,0.39705837959705836,0.8944444444444445,0.3551466617507022
11,asymmetric,0.31,0.37552231614391723,0.9454545454545454,0.3550392807178854
9,symmetric,0.9099999999999999,0.38495754191667014,0.9222222222222223,0.3550163997675958
10,asymmetric,symmetric,0.36590015032155654,0.97,0.3549231458119098
19,0.01,0.61,0.39433373462302074,0.9,0.35490036116071866
6,0.01,0.31,0.37357928501605936,0.95,0.35490032076525635
9,0.31,0.9099999999999999,0.3848000044676624,0.9222222222222223,0.35487111523128867
10,0.61,0.01,0.3656564801864529,0.97,0.3546867857808593
9,0.31,0.61,0.3844615773774049,0.9222222222222223,0.3545590102480512
6,symmetric,0.01,0.37321232976738555,0.95,0.35455171327901625
18,asymmetric,symmetric,0.3914442242265068,0.9055555555555556,0.3544744919384478
18,0.31,0.61,0.3938567517747119,0.9,0.35447107659724075
10,0.01,0.31,0.36165278045067506,0.98,0.35441972484166157
11,asymmetric,symmetric,0.3711830721680951,0.9545454545454546,0.3543111143422726
9,asymmetric,0.31,0.3793051006651064,0.9333333333333333,0.35401809395409933
9,0.9099999999999999,0.9099999999999999,0.38385856874906144,0.9222222222222223,0.3540029022908011
19,0.61,0.61,0.39104568821764546,0.9052631578947369,0.3539992545970264
9,symmetric,0.01,0.3931698117619939,0.9,0.35385283058579453
6,0.01,symmetric,0.3724516141905681,0.95,0.35382903348103967
10,symmetric,0.31,0.3610262161090465,0.98,0.35380569178686555
18,0.9099999999999999,0.31,0.3954481424276943,0.8944444444444445,0.3537063940603266
19,asymmetric,0.01,0.3861875814029383,0.9157894736842105,0.35366652191637504
19,symmetric,0.61,0.39523358554528143,0.8947368421052632,0.3536300502247255
7,0.01,0.31,0.38636844308201573,0.9142857142857143,0.35325114796070006
7,symmetric,0.61,0.3924239431410547,0.9,0.35318154882694924
18,0.61,0.01,0.39208338160111755,0.9,0.3528750434410058
19,0.31,0.61,0.39207551998139517,0.9,0.35286796798325565
12,0.01,symmetric,0.37456152679407834,0.9416666666666667,0.3527121043977571
9,asymmetric,0.61,0.37783901492533095,0.9333333333333333,0.35264974726364223
12,0.31,0.01,0.37781792400926156,0.9333333333333333,0.35263006240864414
10,0.31,symmetric,0.3597500707817375,0.98,0.3525550693661027
8,0.61,0.61,0.3862301668611174,0.9125,0.3524350272607696
10,0.9099999999999999,symmetric,0.36699057150581915,0.96,0.3523109486455864
18,asymmetric,0.31,0.38887174097543076,0.9055555555555556,0.3521449654388623
10,0.9099999999999999,0.01,0.36662552758797157,0.96,0.3519605064844527
9,0.61,0.9099999999999999,0.3862681858410146,0.9111111111111111,0.3519332359884799
11,symmetric,symmetric,0.36519583460259625,0.9636363636363636,0.35191598607159275
7,symmetric,0.9099999999999999,0.3970562522557476,0.8857142857142857,0.3516783948550907
10,asymmetric,0.01,0.3624937817947142,0.97,0.35161896834087275
9,0.31,0.31,0.3859097427041472,0.9111111111111111,0.35160665446377853
12,0.31,symmetric,0.3766956813540507,0.9333333333333333,0.3515826359304473
10,0.01,0.01,0.3587341805295817,0.98,0.3515594969189901
8,0.61,0.31,0.380055713408078,0.925,0.35155153490247215
19,0.31,0.31,0.3921236863877955,0.8947368421052632,0.3508475088732907
18,symmetric,0.61,0.3850596910583676,0.9111111111111111,0.3508321629642905
19,0.31,symmetric,0.39421137348616286,0.8894736842105263,0.35064064273242906
19,0.9099999999999999,0.9099999999999999,0.40375978084550596,0.868421052631579,0.35063349389214993
10,0.01,0.61,0.372873125118619,0.94,0.3505007376115018
11,0.01,0.31,0.3671716283839677,0.9545454545454546,0.3504820089119692
13,0.9099999999999999,0.9099999999999999,0.3673943880289076,0.9538461538461539,0.35043772396603495
12,asymmetric,0.61,0.37881502877347867,0.925,0.3504039016154678
10,symmetric,0.01,0.35749786826101476,0.98,0.3503479108957945
12,asymmetric,0.9099999999999999,0.3787250410738676,0.925,0.3503206629933276
18,0.9099999999999999,0.01,0.39658833848407693,0.8833333333333333,0.35031969899426796
17,asymmetric,0.01,0.37920835025340177,0.9235294117647059,0.3502100646457887
19,0.61,0.31,0.39357894758154777,0.8894736842105263,0.3500781165330609
17,0.9099999999999999,0.9099999999999999,0.37419814521864636,0.9352941176470588,0.3499853240574398
8,asymmetric,0.31,0.37815499424625787,0.925,0.34979336967778857
10,symmetric,symmetric,0.36038697519936147,0.97,0.3495753659433806
6,0.31,0.01,0.37436602241072275,0.9333333333333333,0.34940828758334125
9,asymmetric,0.9099999999999999,0.3788599436738615,0.9222222222222223,0.3493930591658945
17,0.9099999999999999,0.01,0.37326598956284185,0.9352941176470588,0.34911348435583445
9,0.01,symmetric,0.3831730302936299,0.9111111111111111,0.3491132053786406
11,asymmetric,0.9099999999999999,0.38015778799913424,0.9181818181818182,0.34905396898102325
8,0.9099999999999999,0.9099999999999999,0.38244765699684413,0.9125,0.3489834870096203
19,asymmetric,symmetric,0.38774834769474603,0.9,0.34897351292527146
19,symmetric,0.31,0.3898385780273053,0.8947368421052632,0.3488029382349574
9,0.01,0.9099999999999999,0.3826793431037058,0.9111111111111111,0.34866340149448755
16,0.9099999999999999,0.9099999999999999,0.37404914489762586,0.93125,0.3483332661859141
11,symmetric,0.01,0.3649176105006196,0.9545454545454546,0.3483304463869551
11,symmetric,0.31,0.3680792364300022,0.9454545454545454,0.3480021871701839
16,asymmetric,0.9099999999999999,0.3786788839940378,0.91875,0.34791122466952223
18,0.01,0.61,0.38393566150005903,0.9055555555555556,0.3476750712472757
12,0.31,0.9099999999999999,0.37580612460454593,0.925,0.347620665259205
12,0.31,0.31,0.3756515049337414,0.925,0.3474776420637108
11,0.31,0.01,0.36047392320029686,0.9636363636363636,0.3473657805384679
11,symmetric,0.9099999999999999,0.3780000364453912,0.9181818181818182,0.34707276073622284
18,0.01,symmetric,0.3832341688262365,0.9055555555555556,0.34703983065931415
12,0.61,0.9099999999999999,0.37178048538249864,0.9333333333333333,0.3469951196903321
17,0.61,0.61,0.36840474828311864,0.9411764705882353,0.34673388073705286
18,symmetric,symmetric,0.382868506408087,0.9055555555555556,0.34670870302510104
19,0.01,0.31,0.3894901603582078,0.8894736842105263,0.3464412478975638
8,0.31,0.9099999999999999,0.39571776192145314,0.875,0.34625304168127147
9,asymmetric,0.01,0.3751856982675826,0.9222222222222223,0.3460045884023262
16,0.9099999999999999,0.01,0.3790225714404105,0.9125,0.3458580964393746
9,symmetric,symmetric,0.38419773384298694,0.9,0.34577796045868825
11,0.31,0.9099999999999999,0.36558374729709425,0.9454545454545454,0.34564281562634364
17,0.61,0.9099999999999999,0.37415054709994167,0.9235294117647059,0.345539034674652
17,0.9099999999999999,symmetric,0.37414021131930925,0.9235294117647059,0.3455294892772444
17,0.9099999999999999,0.61,0.37168306616337643,0.9294117647058824,0.34544661443419694
12,symmetric,0.9099999999999999,0.37340359279487645,0.925,0.3453983233352607
17,0.31,0.9099999999999999,0.3716177551583302,0.9294117647058824,0.3453859136177422
12,symmetric,0.61,0.37677191903923185,0.9166666666666666,0.34537425911929587
18,0.01,0.31,0.38130331923956157,0.9055555555555556,0.34529133908915854
8,asymmetric,symmetric,0.3782675426774339,0.9125,0.3451691326931584
13,0.31,0.61,0.37050794277443944,0.9307692307692308,0.3448573928900552
17,asymmetric,symmetric,0.3756161724055941,0.9176470588235294,0.34468307585454516
19,asymmetric,0.31,0.39689729148705477,0.868421052631579,0.34467396365981073
12,symmetric,symmetric,0.3758718006569656,0.9166666666666666,0.34454915060221847
10,0.9099999999999999,0.61,0.37045142616662885,0.93,0.34451982633496486
18,symmetric,0.31,0.3827763308584285,0.9,0.3444986977725856
13,0.01,0.9099999999999999,0.37007336046231826,0.9307692307692308,0.34445289704569626
11,0.9099999999999999,0.9099999999999999,0.36761330693580857,0.9363636363636364,0.34421973285807533
11,0.01,0.9099999999999999,0.3748621830197536,0.9181818181818182,0.3441916407726829
17,0.61,symmetric,0.37262071995627416,0.9235294117647059,0.3441261943125591
17,0.61,0.01,0.37024169279779534,0.9294117647058824,0.34410698507089216
18,0.01,0.01,0.3845878243911265,0.8944444444444445,0.3439924429276187
8,asymmetric,0.61,0.3768748628473733,0.9125,0.34389831234822815
11,0.01,symmetric,0.36352991898976,0.9454545454545454,0.34370101431759126
12,0.01,0.31,0.37156819234802163,0.925,0.34370057792192005
17,asymmetric,0.61,0.3816769544278761,0.9,0.3435092589850885
10,asymmetric,0.61,0.36934210961771985,0.93,0.34348816194447945
16,0.61,0.9099999999999999,0.3738537622612053,0.91875,0.34347814407748234
11,0.61,0.01,0.349724260239096,0.9818181818181818,0.3433656373256579
18,0.61,0.9099999999999999,0.3984358094179257,0.8611111111111112,0.343097502554325
16,0.9099999999999999,0.61,0.38347495949806293,0.89375,0.3427307450513938
13,0.61,0.9099999999999999,0.3681556161167976,0.9307692307692308,0.3426679196164039
13,asymmetric,0.9099999999999999,0.36513178383894745,0.9384615384615385,0.34266213560270453
16,0.9099999999999999,symmetric,0.3778771653491216,0.90625,0.34245118109764144
12,0.31,0.61,0.3734194948237047,0.9166666666666666,0.34230120358839594
13,asymmetric,0.31,0.37381476186093765,0.9153846153846154,0.34218428201116596
13,asymmetric,0.61,0.37068188260623514,0.9230769230769231,0.3421678916365248
17,symmetric,0.9099999999999999,0.38012271796412606,0.9,0.34211044616771347
13,0.31,0.9099999999999999,0.37060935594498545,0.9230769230769231,0.34210094394921736
10,asymmetric,0.9099999999999999,0.36757183414965877,0.93,0.34184180575918266
16,0.31,0.9099999999999999,0.36455756563975916,0.9375,0.3417727177872742
17,0.01,0.61,0.3745221787270991,0.9117647058823529,0.3414761041335315
18,symmetric,0.01,0.38397757980215336,0.8888888888888888,0.34131340426858076
11,0.9099999999999999,0.01,0.3575606058042794,0.9545454545454546,0.341307850994994
17,0.31,0.01,0.37672420195150835,0.9058823529411765,0.34126780647371935
16,0.61,symmetric,0.38173260060497344,0.89375,0.34117351179069505
17,symmetric,symmetric,0.37142205739708034,0.9176470588235294,0.3408343585526149
12,0.9099999999999999,0.01,0.36842569047099066,0.925,0.3407937636856664
17,symmetric,0.61,0.37360073616252304,0.9117647058823529,0.34063596532465334
4,asymmetric,0.61,0.3584313876990672,0.95,0.3405098183141138
4,asymmetric,0.9099999999999999,0.3584313876990672,0.95,0.3405098183141138
11,0.31,0.61,0.3635949642893456,0.9363636363636364,0.3404571029254782
13,0.9099999999999999,0.01,0.3569095055172341,0.9538461538461539,0.3404367591087464
16,0.61,0.31,0.38354943007520176,0.8875,0.34040011919174157
14,0.9099999999999999,0.9099999999999999,0.358205073688297,0.95,0.34029482000388217
9,asymmetric,symmetric,0.3734741818791969,0.9111111111111111,0.3402764768232683
17,0.01,0.9099999999999999,0.3777413871612756,0.9,0.33996724844514803
12,0.61,0.61,0.3706518079177474,0.9166666666666666,0.3397641572579351
13,symmetric,0.9099999999999999,0.3678173008560136,0.9230769230769231,0.33952366232862796
12,symmetric,0.31,0.37365503790270505,0.9083333333333333,0.3394033260949571
12,0.9099999999999999,0.61,0.3668049178704607,0.925,0.3392945490301762
18,asymmetric,0.01,0.38887190641526426,0.8722222222222222,0.3391827183733138
16,0.01,0.61,0.3664835706110682,0.925,0.3389973028152381
11,0.01,0.01,0.3619672337562459,0.9363636363636364,0.3389329552444848
12,0.01,0.61,0.37293586826195013,0.9083333333333333,0.338750080337938
12,0.01,0.9099999999999999,0.3728818535987281,0.9083333333333333,0.3387010170188447
20,0.61,0.01,0.371981491853896,0.91,0.33850315758704536
11,asymmetric,0.61,0.37560104865092986,0.9,0.3380409437858369
12,0.61,0.01,0.3651866698765365,0.925,0.33779766963579627
11,symmetric,0.61,0.37144082174660425,0.9090909090909091,0.33767347431509476
8,asymmetric,0.9099999999999999,0.3804568240340124,0.8875,0.33765543133018594
17,0.01,symmetric,0.370230130691185,0.9117647058823529,0.33756276621843334
5,asymmetric,0.01,0.35877019569284246,0.94,0.3372439839512719
13,0.61,0.61,0.3651412950684969,0.9230769230769231,0.33705350314015103
12,0.9099999999999999,0.9099999999999999,0.36436476852964716,0.925,0.3370374108899236
17,0.31,0.61,0.37169330620964136,0.9058823529411765,0.33671040680167513
17,0.9099999999999999,0.31,0.3716602598087221,0.9058823529411765,0.33668047065025414
16,asymmetric,0.61,0.36862259000181097,0.9125,0.3363681133766525
20,0.61,symmetric,0.3714647659272462,0.905,0.33617561316415784
20,0.31,0.01,0.3653957076723445,0.92,0.33616405105855696
15,asymmetric,symmetric,0.36006398656015837,0.9333333333333333,0.33605972078948115
16,asymmetric,0.31,0.3682085148255766,0.9125,0.3359902697783386
5,0.9099999999999999,0.9099999999999999,0.35731736588097734,0.94,0.33587832392811867
16,0.31,0.61,0.3631107271360282,0.925,0.3358774226008261
17,symmetric,0.01,0.3730865373216133,0.9,0.335777883589452
17,0.31,symmetric,0.37527449404797814,0.8941176470588236,0.3355395476193687
16,0.01,0.9099999999999999,0.36489683176667687,0.91875,0.3352489641856344
16,symmetric,0.31,0.3622161796468093,0.925,0.33504996617329863
19,0.01,0.01,0.3786415549248366,0.8842105263157894,0.33479884856511866
5,0.9099999999999999,0.61,0.3557655480469113,0.94,0.3344196151640966
17,symmetric,0.31,0.3711942207485979,0.9,0.3340747986737381
12,0.9099999999999999,symmetric,0.36768213725400506,0.9083333333333333,0.3339779413390546
4,asymmetric,0.01,0.351547902802301,0.95,0.33397050766218594
4,asymmetric,0.31,0.351547902802301,0.95,0.33397050766218594
4,asymmetric,symmetric,0.351547902802301,0.95,0.33397050766218594
20,0.01,0.9099999999999999,0.36098163545973416,0.925,0.3339080128002541
16,0.61,0.01,0.3812255270113537,0.875,0.3335723361349345
12,0.61,0.31,0.370535690905551,0.9,0.3334821218149959
16,0.9099999999999999,0.31,0.38657988650115227,0.8625,0.3334251521072438
19,symmetric,symmetric,0.38162953372086644,0.8736842105263158,0.33342369788244125
17,0.01,0.01,0.37044169544280825,0.9,0.33339752589852745
20,0.9099999999999999,0.31,0.36635611962778175,0.91,0.3333840688612814
20,0.31,symmetric,0.3683655084260663,0.905,0.33337078512559
14,symmetric,0.9099999999999999,0.35900757540315115,0.9285714285714286,0.33336417716006894
16,0.61,0.61,0.37796523228858914,0.88125,0.3330818609543192
15,0.01,0.31,0.3594387597037747,0.9266666666666666,0.33307991732549785
19,symmetric,0.01,0.38334276038500203,0.868421052631579,0.3329029234922386
16,asymmetric,symmetric,0.3646456304781147,0.9125,0.3327391378112797
19,0.9099999999999999,0.61,0.39502871523078587,0.8421052631578947,0.33265576019434595
17,0.31,0.31,0.3719948626561307,0.8941176470588236,0.3326071713160698
18,0.31,0.9099999999999999,0.3887452125333686,0.8555555555555555,0.33259312627854865
11,0.31,symmetric,0.3586750455670272,0.9272727272727272,0.332589587707607
16,symmetric,0.9099999999999999,0.36692824004225666,0.90625,0.3325287175382951
16,symmetric,0.61,0.3642698214404582,0.9125,0.3323962120644181
4,symmetric,0.61,0.349880115466178,0.95,0.3323861096928691
4,0.31,0.61,0.349880115466178,0.95,0.3323861096928691
4,0.01,0.9099999999999999,0.349880115466178,0.95,0.3323861096928691
4,0.31,0.9099999999999999,0.3498801154661779,0.95,0.332386109692869
4,0.01,0.61,0.3498801154661779,0.95,0.332386109692869
4,symmetric,0.9099999999999999,0.3498801154661779,0.95,0.332386109692869
11,0.01,0.61,0.36924462175898737,0.9,0.33232015958308864
13,symmetric,0.61,0.36302944489604955,0.9153846153846154,0.3323115687894607
13,0.31,symmetric,0.3599647948740571,0.9230769230769231,0.3322751952683604
15,0.01,0.01,0.35820967775139845,0.9266666666666666,0.3319409680496292
12,0.61,symmetric,0.3654012712380195,0.9083333333333333,0.3319061547078677
19,0.61,0.9099999999999999,0.4042334503753162,0.8210526315789474,0.33189693820289123
4,0.61,0.9099999999999999,0.3493566856351455,0.95,0.3318888513533882
11,0.9099999999999999,symmetric,0.35436727661170253,0.9363636363636364,0.3318166317364124
15,0.01,0.61,0.35806445265737535,0.9266666666666666,0.33180639279583446
11,0.9099999999999999,0.31,0.35758592983972287,0.9272727272727272,0.33157968039683394
13,0.61,symmetric,0.3561671463132133,0.9307692307692308,0.3315094207992216
17,0.61,0.31,0.37314409148435557,0.888235294117647,0.3314397518478687
20,0.31,0.31,0.36615558208093446,0.905,0.3313708017832457
15,symmetric,0.31,0.3601766878728571,0.92,0.33136255284302857
4,0.9099999999999999,0.01,0.3487035698232797,0.95,0.3312683913321157
4,0.9099999999999999,symmetric,0.34870356982327966,0.95,0.33126839133211566
4,0.9099999999999999,0.61,0.34870356982327966,0.95,0.33126839133211566
4,0.9099999999999999,0.31,0.34870356982327966,0.95,0.33126839133211566
20,asymmetric,0.31,0.36995400912337256,0.895,0.3311088381654185
13,0.61,0.01,0.3555186223535045,0.9307692307692308,0.33090579465210807
14,0.9099999999999999,0.61,0.35633394057099477,0.9285714285714286,0.33088151624449513
4,symmetric,0.31,0.34819138711695297,0.95,0.3307818177611053
4,symmetric,symmetric,0.34819138711695297,0.95,0.3307818177611053
4,0.31,0.31,0.34819138711695297,0.95,0.3307818177611053
4,0.31,symmetric,0.3481913871169529,0.95,0.33078181776110527
5,asymmetric,0.61,0.3593550131879299,0.92,0.3306066121328955
4,0.31,0.01,0.34781448591198544,0.95,0.33042376161638615
20,asymmetric,0.61,0.37125750890275505,0.89,0.330419182923452
17,asymmetric,0.31,0.3769392107971612,0.8764705882352941,0.3303761318163354
13,0.9099999999999999,symmetric,0.35494344756735674,0.9307692307692308,0.33037043965884744
4,0.61,0.61,0.3476679572859205,0.95,0.33028455942162444
20,0.9099999999999999,0.61,0.36883383383239293,0.895,0.3301062812799917
20,asymmetric,symmetric,0.37085738463415663,0.89,0.3300630723243994
20,0.31,0.61,0.36644897076555616,0.9,0.32980407368900055
20,0.61,0.31,0.36437612412960285,0.905,0.3297603923372906
11,0.9099999999999999,0.61,0.3591217776370657,0.9181818181818182,0.3297390867394876
16,asymmetric,0.01,0.3663378283488885,0.9,0.3297040455139997
11,0.31,0.31,0.3589673978238386,0.9181818181818182,0.3295973380018882
5,0.9099999999999999,0.01,0.35820142450071557,0.92,0.32954531054065833
13,0.01,0.61,0.3630553026643343,0.9076923076923077,0.3295425054953188
15,symmetric,0.61,0.35819608653497487,0.92,0.3295403996121769
11,0.61,0.61,0.3588803386577117,0.9181818181818182,0.32951740185844436
20,0.9099999999999999,symmetric,0.3619617609927822,0.91,0.32938520250343184
13,asymmetric,0.01,0.36282404750688574,0.9076923076923077,0.3293325969677886
4,0.01,0.01,0.34665906743732944,0.95,0.32932611406546297
4,symmetric,0.01,0.3466590674373294,0.95,0.3293261140654629
13,0.31,0.01,0.3596479355416776,0.9153846153846154,0.3292161871496895
4,0.61,0.31,0.34653354227394134,0.95,0.3292068651602443
13,0.61,0.31,0.35369221933977435,0.9307692307692308,0.32920583492394384
20,asymmetric,0.01,0.36779251167147914,0.895,0.32917429794597386
15,asymmetric,0.61,0.3576822290279026,0.92,0.3290676507056704
13,0.9099999999999999,0.31,0.3564625601371011,0.9230769230769231,0.32904236320347796
4,0.01,0.31,0.34630801033465725,0.95,0.3289926098179244
4,0.01,symmetric,0.34630801033465725,0.95,0.3289926098179244
15,asymmetric,0.01,0.36017962965224004,0.9133333333333333,0.3289640617490459
4,0.61,symmetric,0.3461566410689738,0.95,0.3288488090155251
4,0.61,0.01,0.34615664106897376,0.95,0.32884880901552505
15,asymmetric,0.31,0.3595781803717789,0.9133333333333333,0.3284147380728914
5,asymmetric,0.31,0.35684978903111675,0.92,0.3283018059086274
13,asymmetric,symmetric,0.3616206317143092,0.9076923076923077,0.32824026570991144
17,0.01,0.31,0.3693598952347151,0.888235294117647,0.32807849517907045
19,0.31,0.9099999999999999,0.40176001341841,0.8157894736842105,0.327751589893966
12,0.9099999999999999,0.31,0.3641294463032732,0.9,0.3277165016729459
15,0.31,0.9099999999999999,0.35612517477943434,0.92,0.3276351607970796
16,0.31,0.31,0.36395451857292455,0.9,0.3275590667156321
16,0.31,0.01,0.3716180059955502,0.88125,0.32748836778357865
5,0.61,0.01,0.3557655480469113,0.92,0.3273043042031584
5,0.61,0.9099999999999999,0.3557655480469113,0.92,0.3273043042031584
13,0.9099999999999999,0.61,0.35737427931282795,0.9153846153846154,0.3271349172171271
5,0.01,0.01,0.355335717180292,0.92,0.32690885980586865
5,asymmetric,0.9099999999999999,0.3630435337365923,0.9,0.3267391803629331
15,0.31,0.61,0.3603664391862159,0.9066666666666666,0.3267322381955024
16,0.01,symmetric,0.3680955049704233,0.8875,0.3266847606612507
15,symmetric,0.01,0.35753212368499376,0.9133333333333333,0.32654600629896097
20,0.61,0.61,0.3568085571014622,0.915,0.3264798297478379
15,0.61,0.61,0.3598421691331634,0.9066666666666666,0.32625690001406815
14,asymmetric,0.9099999999999999,0.354074313354504,0.9214285714285714,0.32625418873379297
14,0.01,0.9099999999999999,0.3567119424964643,0.9142857142857143,0.3261366331396245
5,asymmetric,symmetric,0.362058475307082,0.9,0.3258526277763738
19,0.01,symmetric,0.37738082493270636,0.8631578947368421,0.3257392383629676
5,0.31,0.01,0.3540615828967535,0.92,0.32573665626501325
15,0.9099999999999999,symmetric,0.3537786069525847,0.92,0.3254763183963779
4,0.9099999999999999,0.9099999999999999,0.3423069101752485,0.95,0.3251915646664861
14,0.61,0.9099999999999999,0.3528668338713518,0.9214285714285714,0.3251415826386027
15,0.61,symmetric,0.35324531067318227,0.92,0.3249856858193277
13,0.31,0.31,0.3549121075008816,0.9153846153846154,0.32488108302003776
11,0.61,0.31,0.3537206957146874,0.9181818181818182,0.32477991151984936
16,0.01,0.01,0.36851355069237846,0.88125,0.3247525665476585
16,0.01,0.31,0.36044073364070095,0.9,0.3243966602766309
11,0.61,symmetric,0.349168061033123,0.9272727272727272,0.323774020230714
5,symmetric,0.01,0.35174581516073117,0.92,0.3236061499478727
14,0.9099999999999999,0.31,0.34550383969246734,0.9357142857142857,0.32329287856938016
15,0.31,0.31,0.3561319031752458,0.9066666666666666,0.32289292554555615
15,asymmetric,0.9099999999999999,0.3534606287267484,0.9133333333333333,0.32282737423709684
15,symmetric,0.9099999999999999,0.3559029634671258,0.9066666666666666,0.3226853535435274
15,symmetric,symmetric,0.35821248854606497,0.9,0.3223912396914585
15,0.61,0.31,0.35548096590039424,0.9066666666666666,0.3223027424163574
15,0.61,0.9099999999999999,0.355354790385503,0.9066666666666666,0.322188343282856
16,0.31,symmetric,0.3654697611363987,0.88125,0.3220702270014513
5,0.9099999999999999,symmetric,0.3575471585481228,0.9,0.32179244269331053
14,0.31,0.9099999999999999,0.34904329528492867,0.9214285714285714,0.32161846494111285
20,symmetric,0.61,0.36323792632334917,0.885,0.321465564796164
16,symmetric,symmetric,0.3673601338982545,0.875,0.3214401171609727
15,0.01,symmetric,0.35708738448430366,0.9,0.3213786460358733
5,0.01,0.61,0.35696582537093113,0.9,0.321269242833838
15,0.9099999999999999,0.61,0.3509913665060273,0.9133333333333333,0.3205721147421716
13,0.01,0.01,0.3530997817129104,0.9076923076923077,0.32050595570864177
15,0.01,0.9099999999999999,0.35583783465682267,0.9,0.3202540511911404
5,0.61,0.61,0.3557655480469113,0.9,0.32018899324222017
5,0.61,0.31,0.3557655480469113,0.9,0.32018899324222017
5,0.61,symmetric,0.3557655480469113,0.9,0.32018899324222017
5,0.9099999999999999,0.31,0.3557655480469113,0.9,0.32018899324222017
16,symmetric,0.01,0.36842397741536076,0.86875,0.32006833037959465
5,0.01,symmetric,0.355335717180292,0.9,0.3198021454622628
5,0.01,0.31,0.35533571718029194,0.9,0.31980214546226277
13,0.01,symmetric,0.34868621584061127,0.9153846153846154,0.3191819975771749
5,symmetric,0.9099999999999999,0.35458759706794335,0.9,0.319128837361149
5,0.01,0.9099999999999999,0.35458759706794335,0.9,0.319128837361149
5,0.31,0.61,0.3545174880046488,0.9,0.3190657392041839
20,0.01,0.61,0.36021388399061327,0.885,0.31878928733169276
5,0.31,symmetric,0.35406158289675344,0.9,0.3186554246070781
5,0.31,0.31,0.35406158289675344,0.9,0.3186554246070781
5,symmetric,0.31,0.35406158289675344,0.9,0.3186554246070781
5,symmetric,symmetric,0.35406158289675344,0.9,0.3186554246070781
5,symmetric,0.61,0.35406158289675344,0.9,0.3186554246070781
20,symmetric,0.01,0.3557359077088176,0.895,0.31838363739939174
19,symmetric,0.9099999999999999,0.39533438535388,0.8052631578947368,0.3183482155744402
19,0.01,0.9099999999999999,0.395274934946964,0.8052631578947368,0.31830034235202886
5,0.31,0.9099999999999999,0.35363850503162864,0.9,0.31827465452846576
20,symmetric,symmetric,0.35754154723249226,0.89,0.3182119770369181
15,0.9099999999999999,0.9099999999999999,0.3476219232170906,0.9133333333333333,0.31749468987160945
13,symmetric,0.01,0.3557935941875711,0.8923076923076924,0.31747736096737117
20,0.9099999999999999,0.01,0.3625875098622255,0.875,0.3172640711294473
14,asymmetric,symmetric,0.34431751599696037,0.9214285714285714,0.31726399688291346
14,asymmetric,0.61,0.35471702559174684,0.8928571428571429,0.31671162999263114
20,symmetric,0.31,0.35933847193887086,0.88,0.3162178553062064
13,symmetric,0.31,0.354360386175004,0.8923076923076924,0.3161984984330805
15,0.31,symmetric,0.3538230035576319,0.8933333333333333,0.31608188317815117
15,0.9099999999999999,0.01,0.35323376473749785,0.8933333333333333,0.3155554964988314
15,0.31,0.01,0.3553416331136282,0.8866666666666667,0.31506958136075036
20,0.01,symmetric,0.35194476998862884,0.895,0.3149905691398228
13,0.01,0.31,0.3494106133933722,0.9,0.314469552054035
14,0.31,0.61,0.34933871618345924,0.9,0.3144048445651133
14,asymmetric,0.31,0.3489684142766144,0.9,0.314071572848953
20,0.9099999999999999,0.9099999999999999,0.36021369387263213,0.87,0.31338591366918994
13,symmetric,symmetric,0.3511503061755094,0.8923076923076924,0.31333411935660843
20,symmetric,0.9099999999999999,0.359580102609047,0.87,0.3128346892698709
15,0.9099999999999999,0.31,0.3552072837318123,0.88,0.31258240968399487
14,symmetric,0.61,0.3517444621750818,0.8857142857142857,0.3115450950693582
14,0.9099999999999999,symmetric,0.34036977549336944,0.9142857142857143,0.31119522330822347
14,symmetric,0.01,0.3376505928015972,0.9214285714285714,0.31112090336718595
14,asymmetric,0.01,0.3429569250405784,0.9071428571428571,0.311110924858239
14,0.01,symmetric,0.33760850721311203,0.9214285714285714,0.31108212450351036
14,0.01,0.61,0.3509774298132765,0.8857142857142857,0.310865723548902
20,0.01,0.31,0.3550389117321121,0.875,0.3106590477655981
14,0.61,0.61,0.3441556761732524,0.9,0.30974010855592715
20,0.01,0.01,0.35251395392305807,0.875,0.3084497096826758
14,0.9099999999999999,0.01,0.33710803457768523,0.9142857142857143,0.3082130601853122
14,symmetric,0.31,0.34472511529193095,0.8928571428571429,0.30779028151065263
14,0.01,0.31,0.3418261850863669,0.9,0.30764356657773023
20,asymmetric,0.9099999999999999,0.3640235187825539,0.845,0.30759987337125805
15,0.61,0.01,0.35190154887571473,0.8733333333333333,0.30732735268479083
14,symmetric,symmetric,0.3359800638644667,0.9142857142857143,0.3071817726760838
14,0.31,symmetric,0.3359126154928343,0.9142857142857143,0.3071201055934485
14,0.31,0.01,0.3384966195801495,0.9071428571428571,0.3070647906191356
14,0.61,0.31,0.3427522354709419,0.8928571428571429,0.30602878167048386
14,0.01,0.01,0.3361722195950415,0.9071428571428571,0.30495622777550196
20,0.31,0.9099999999999999,0.36298470810587224,0.84,0.30490715480893266
14,0.31,0.31,0.34180674388240195,0.8857142857142857,0.30274311601012743
20,0.61,0.9099999999999999,0.3606589812095625,0.835,0.3011502493099847
14,0.61,0.01,0.3386719708530199,0.8857142857142857,0.29996660275553194
14,0.61,symmetric,0.33665077928351034,0.8857142857142857,0.298176404508252
2,asymmetric,0.01,0.27335685141656335,1.0,0.27335685141656335
3,0.01,0.01,0.2839335113043167,0.9333333333333333,0.2650046105506956
2,0.9099999999999999,0.31,0.26400353409046423,1.0,0.26400353409046423
2,0.31,0.01,0.2640035340904642,1.0,0.2640035340904642
2,0.31,0.31,0.2640035340904642,1.0,0.2640035340904642
2,0.61,0.01,0.2640035340904642,1.0,0.2640035340904642
2,0.61,0.31,0.2640035340904642,1.0,0.2640035340904642
2,symmetric,0.01,0.2640035340904642,1.0,0.2640035340904642
2,symmetric,0.31,0.2640035340904642,1.0,0.2640035340904642
2,0.01,0.31,0.2640035340904642,1.0,0.2640035340904642
2,0.01,symmetric,0.2640035340904642,1.0,0.2640035340904642
2,0.01,0.01,0.2640035340904642,1.0,0.2640035340904642
2,0.9099999999999999,symmetric,0.2630453857053015,1.0,0.2630453857053015
2,0.01,0.61,0.26304538570530145,1.0,0.26304538570530145
2,0.9099999999999999,0.61,0.26304538570530145,1.0,0.26304538570530145
2,0.31,0.61,0.26304538570530145,1.0,0.26304538570530145
2,0.31,0.9099999999999999,0.26304538570530145,1.0,0.26304538570530145
2,0.31,symmetric,0.26304538570530145,1.0,0.26304538570530145
2,0.61,0.61,0.26304538570530145,1.0,0.26304538570530145
2,0.61,0.9099999999999999,0.26304538570530145,1.0,0.26304538570530145
2,0.61,symmetric,0.26304538570530145,1.0,0.26304538570530145
2,0.9099999999999999,0.9099999999999999,0.26304538570530145,1.0,0.26304538570530145
2,symmetric,0.61,0.26304538570530145,1.0,0.26304538570530145
2,symmetric,0.9099999999999999,0.26304538570530145,1.0,0.26304538570530145
2,symmetric,symmetric,0.26304538570530145,1.0,0.26304538570530145
2,0.01,0.9099999999999999,0.26304538570530145,1.0,0.26304538570530145
2,0.9099999999999999,0.01,0.2617030280515297,1.0,0.2617030280515297
3,0.01,0.9099999999999999,0.28668205006572356,0.9,0.2580138450591512
3,0.01,0.61,0.2839425823158796,0.9,0.2555483240842916
3,0.01,0.31,0.2839425823158796,0.9,0.2555483240842916
3,0.01,symmetric,0.2839425823158796,0.9,0.2555483240842916
3,0.31,0.61,0.2839425823158796,0.9,0.2555483240842916
3,0.31,0.9099999999999999,0.2839425823158796,0.9,0.2555483240842916
3,0.61,0.9099999999999999,0.2839425823158796,0.9,0.2555483240842916
3,symmetric,0.61,0.2839425823158796,0.9,0.2555483240842916
3,symmetric,0.9099999999999999,0.2839425823158796,0.9,0.2555483240842916
3,symmetric,0.31,0.28393351130431665,0.9,0.255540160173885
3,symmetric,symmetric,0.28393351130431665,0.9,0.255540160173885
3,0.31,symmetric,0.28393351130431665,0.9,0.255540160173885
3,0.31,0.31,0.28393351130431665,0.9,0.255540160173885
2,asymmetric,0.31,0.26659016742878666,0.95,0.2532606590573473
2,asymmetric,0.9099999999999999,0.26659016742878666,0.95,0.2532606590573473
2,asymmetric,symmetric,0.26659016742878666,0.95,0.2532606590573473
2,asymmetric,0.61,0.26659016742878666,0.95,0.2532606590573473
3,0.61,0.61,0.2803963875231004,0.9,0.2523567487707904
3,0.61,0.01,0.2700217603805601,0.9333333333333333,0.25202030968852274
3,0.31,0.01,0.2700217603805601,0.9333333333333333,0.25202030968852274
3,symmetric,0.01,0.2700217603805601,0.9333333333333333,0.25202030968852274
3,asymmetric,0.01,0.265365506314775,0.9333333333333333,0.2476744725604567
3,0.9099999999999999,0.9099999999999999,0.27396870114486505,0.9,0.24657183103037855
3,0.9099999999999999,0.01,0.26358783868031416,0.9333333333333333,0.24601531610162655
3,asymmetric,0.61,0.2729207434444179,0.9,0.24562866909997613
3,asymmetric,0.9099999999999999,0.27268914651002774,0.9,0.24542023185902498
3,0.61,symmetric,0.2700217603805601,0.9,0.2430195843425041
3,0.61,0.31,0.2700217603805601,0.9,0.2430195843425041
3,asymmetric,symmetric,0.2658583895590148,0.9,0.23927255060311334
3,asymmetric,0.31,0.2658583895590148,0.9,0.23927255060311334
3,0.9099999999999999,symmetric,0.2631775911111372,0.9,0.23685983200002347
3,0.9099999999999999,0.61,0.2631775911111372,0.9,0.23685983200002347
3,0.9099999999999999,0.31,0.2631775911111372,0.9,0.23685983200002347
1,0.01,0.31,0.19824747387845004,1.0,0.19824747387845004
1,0.31,0.61,0.19824747387845004,1.0,0.19824747387845004
1,0.31,0.9099999999999999,0.19824747387845004,1.0,0.19824747387845004
1,0.31,0.31,0.19824747387845004,1.0,0.19824747387845004
1,0.01,0.61,0.19824747387845004,1.0,0.19824747387845004
1,0.01,0.9099999999999999,0.19824747387845004,1.0,0.19824747387845004
1,0.31,0.01,0.19824747387845004,1.0,0.19824747387845004
1,0.01,symmetric,0.19824747387845004,1.0,0.19824747387845004
1,0.61,0.31,0.19824747387845004,1.0,0.19824747387845004
1,0.31,symmetric,0.19824747387845004,1.0,0.19824747387845004
1,symmetric,0.31,0.19824747387845004,1.0,0.19824747387845004
1,asymmetric,symmetric,0.19824747387845004,1.0,0.19824747387845004
1,asymmetric,0.9099999999999999,0.19824747387845004,1.0,0.19824747387845004
1,asymmetric,0.61,0.19824747387845004,1.0,0.19824747387845004
1,asymmetric,0.31,0.19824747387845004,1.0,0.19824747387845004
1,asymmetric,0.01,0.19824747387845004,1.0,0.19824747387845004
1,symmetric,symmetric,0.19824747387845004,1.0,0.19824747387845004
1,symmetric,0.9099999999999999,0.19824747387845004,1.0,0.19824747387845004
1,symmetric,0.61,0.19824747387845004,1.0,0.19824747387845004
1,symmetric,0.01,0.19824747387845004,1.0,0.19824747387845004
1,0.61,0.01,0.19824747387845004,1.0,0.19824747387845004
1,0.9099999999999999,symmetric,0.19824747387845004,1.0,0.19824747387845004
1,0.9099999999999999,0.9099999999999999,0.19824747387845004,1.0,0.19824747387845004
1,0.9099999999999999,0.61,0.19824747387845004,1.0,0.19824747387845004
1,0.9099999999999999,0.31,0.19824747387845004,1.0,0.19824747387845004
1,0.9099999999999999,0.01,0.19824747387845004,1.0,0.19824747387845004
1,0.61,symmetric,0.19824747387845004,1.0,0.19824747387845004
1,0.61,0.9099999999999999,0.19824747387845004,1.0,0.19824747387845004
1,0.61,0.61,0.19824747387845004,1.0,0.19824747387845004
1,0.01,0.01,0.19824747387845004,1.0,0.19824747387845004
